"0","summary( gene$exp[gene$geno == ""A/A""] )"
"1","   Min. "
"1","1st Qu. "
"1"," Median "
"1","   Mean "
"1","3rd Qu. "
"1","   Max. "
"1","
"
"1","  11.40 "
"1","  27.02 "
"1","  31.25 "
"1","  31.82 "
"1","  35.92 "
"1","  51.52 "
"1","
"
"0","summary( gene$exp[gene$geno == ""A/G""] )"
"1","   Min. "
"1","1st Qu. "
"1"," Median "
"1","   Mean "
"1","3rd Qu. "
"1","   Max. "
"1","
"
"1","  7.075 "
"1"," 20.626 "
"1"," 25.065 "
"1"," 25.397 "
"1"," 30.552 "
"1"," 48.034 "
"1","
"
"0","summary( gene$exp[gene$geno == ""G/G""] )"
"1","   Min. "
"1","1st Qu. "
"1"," Median "
"1","   Mean "
"1","3rd Qu. "
"1","   Max. "
"1","
"
"1","  6.675 "
"1"," 16.903 "
"1"," 20.074 "
"1"," 20.594 "
"1"," 24.457 "
"1"," 33.956 "
"1","
"
"0","median(gene$exp[gene$geno == ""A/A""])"
"1","[1]"
"1"," 31.24847"
"1","
"
"0","median(gene$exp[gene$geno == ""A/G""])"
"1","[1]"
"1"," 25.06486"
"1","
"
"0","median(gene$exp[gene$geno == ""G/G""])"
"1","[1]"
"1"," 20.07363"
"1","
"
